{
  "timestamp": "2025-12-10T20:06:01.802Z",
  "environment": {
    "node_version": "v22.11.0",
    "python_version": "3.13.0",
    "numpy_version": "2.3.3",
    "numpyjs_version": "0.9.0"
  },
  "results": [
    {
      "name": "logical_and [100x100] & scalar",
      "category": "logic",
      "numpy": {
        "name": "logical_and [100x100] & scalar",
        "mean_ms": 0.004708912619937838,
        "median_ms": 0.004565414254338449,
        "min_ms": 0.004437150151010007,
        "max_ms": 0.005061797442739224,
        "std_ms": 0.0002596093639745822,
        "ops_per_sec": 212363.2525619473,
        "total_ops": 111055,
        "total_samples": 5
      },
      "numpyjs": {
        "name": "logical_and [100x100] & scalar",
        "mean_ms": 0.1798118150684932,
        "median_ms": 0.18060737842465757,
        "min_ms": 0.17014419178082196,
        "max_ms": 0.19238584417808222,
        "std_ms": 0.008630220811592943,
        "ops_per_sec": 5561.36981109436,
        "total_ops": 2920,
        "total_samples": 5
      },
      "ratio": 38.18542189701258
    },
    {
      "name": "logical_and [100x100] & [100x100]",
      "category": "logic",
      "numpy": {
        "name": "logical_and [100x100] & [100x100]",
        "mean_ms": 0.004932580840031733,
        "median_ms": 0.004969722950045252,
        "min_ms": 0.0046477104002406126,
        "max_ms": 0.005253568750049453,
        "std_ms": 0.00021086148637890713,
        "ops_per_sec": 202733.62615453184,
        "total_ops": 100000,
        "total_samples": 5
      },
      "numpyjs": {
        "name": "logical_and [100x100] & [100x100]",
        "mean_ms": 0.011884602630971613,
        "median_ms": 0.012220747749826906,
        "min_ms": 0.010940601200092312,
        "max_ms": 0.012437951880913902,
        "std_ms": 0.0005828396257005846,
        "ops_per_sec": 84142.4851171693,
        "total_ops": 43330,
        "total_samples": 5
      },
      "ratio": 2.4094085867825643
    },
    {
      "name": "logical_or [100x100] | scalar",
      "category": "logic",
      "numpy": {
        "name": "logical_or [100x100] | scalar",
        "mean_ms": 0.004432831103383498,
        "median_ms": 0.00453653194017359,
        "min_ms": 0.004182072797142068,
        "max_ms": 0.004626735699055323,
        "std_ms": 0.00017569290921943425,
        "ops_per_sec": 225589.46566602064,
        "total_ops": 109345,
        "total_samples": 5
      },
      "numpyjs": {
        "name": "logical_or [100x100] | scalar",
        "mean_ms": 0.16714652800000002,
        "median_ms": 0.16322201500000005,
        "min_ms": 0.14452666666666686,
        "max_ms": 0.18336027666666646,
        "std_ms": 0.014338656496945214,
        "ops_per_sec": 5982.774586858303,
        "total_ops": 3000,
        "total_samples": 5
      },
      "ratio": 37.70649593945056
    },
    {
      "name": "logical_not [100x100]",
      "category": "logic",
      "numpy": {
        "name": "logical_not [100x100]",
        "mean_ms": 0.003976854665189318,
        "median_ms": 0.004020821071471798,
        "min_ms": 0.0036535004198118173,
        "max_ms": 0.004211671705522923,
        "std_ms": 0.0002184389177728401,
        "ops_per_sec": 251455.00255599487,
        "total_ops": 119070,
        "total_samples": 5
      },
      "numpyjs": {
        "name": "logical_not [100x100]",
        "mean_ms": 0.008245304357522737,
        "median_ms": 0.00806088814547949,
        "min_ms": 0.00804309624292331,
        "max_ms": 0.008948801252358921,
        "std_ms": 0.00035276946635203203,
        "ops_per_sec": 121281.15065729912,
        "total_ops": 58290,
        "total_samples": 5
      },
      "ratio": 2.0733230282958353
    },
    {
      "name": "logical_xor [100x100] ^ scalar",
      "category": "logic",
      "numpy": {
        "name": "logical_xor [100x100] ^ scalar",
        "mean_ms": 0.005118668793255305,
        "median_ms": 0.005092147161120031,
        "min_ms": 0.004807251808574621,
        "max_ms": 0.005431438726068303,
        "std_ms": 0.00023087307244835933,
        "ops_per_sec": 195363.29471398224,
        "total_ops": 96085,
        "total_samples": 5
      },
      "numpyjs": {
        "name": "logical_xor [100x100] ^ scalar",
        "mean_ms": 0.1745238990825686,
        "median_ms": 0.1733515284403672,
        "min_ms": 0.1724266807339443,
        "max_ms": 0.1807888385321098,
        "std_ms": 0.003157613147281937,
        "ops_per_sec": 5729.874276570525,
        "total_ops": 2725,
        "total_samples": 5
      },
      "ratio": 34.09556393110115
    },
    {
      "name": "isfinite [100x100]",
      "category": "logic",
      "numpy": {
        "name": "isfinite [100x100]",
        "mean_ms": 0.0022165477991510623,
        "median_ms": 0.0021703027159391043,
        "min_ms": 0.002122303484418618,
        "max_ms": 0.0023731429291612154,
        "std_ms": 0.00009308951113295389,
        "ops_per_sec": 451152.01232429995,
        "total_ops": 208215,
        "total_samples": 5
      },
      "numpyjs": {
        "name": "isfinite [100x100]",
        "mean_ms": 0.00828962812415655,
        "median_ms": 0.007978782456140381,
        "min_ms": 0.007967862438146674,
        "max_ms": 0.008851983085919923,
        "std_ms": 0.00039246361864594216,
        "ops_per_sec": 120632.673145606,
        "total_ops": 55575,
        "total_samples": 5
      },
      "ratio": 3.7398824096333394
    },
    {
      "name": "isnan [100x100]",
      "category": "logic",
      "numpy": {
        "name": "isnan [100x100]",
        "mean_ms": 0.001945495442071555,
        "median_ms": 0.0019569334796858315,
        "min_ms": 0.0018505904174425682,
        "max_ms": 0.002090246069904255,
        "std_ms": 0.00008692772712680849,
        "ops_per_sec": 514007.8863074613,
        "total_ops": 252855,
        "total_samples": 5
      },
      "numpyjs": {
        "name": "isnan [100x100]",
        "mean_ms": 0.008167031734837788,
        "median_ms": 0.008019955483074725,
        "min_ms": 0.007940706540902622,
        "max_ms": 0.008772331893511977,
        "std_ms": 0.00030803172386726664,
        "ops_per_sec": 122443.50609467318,
        "total_ops": 56720,
        "total_samples": 5
      },
      "ratio": 4.19791871942993
    },
    {
      "name": "signbit [100x100]",
      "category": "logic",
      "numpy": {
        "name": "signbit [100x100]",
        "mean_ms": 0.001943550451043733,
        "median_ms": 0.001949230833404274,
        "min_ms": 0.0018354549798595041,
        "max_ms": 0.002020223998360285,
        "std_ms": 0.0000643782674001381,
        "ops_per_sec": 514522.2751809587,
        "total_ops": 269935,
        "total_samples": 5
      },
      "numpyjs": {
        "name": "signbit [100x100]",
        "mean_ms": 0.011296978722471799,
        "median_ms": 0.011007724334392434,
        "min_ms": 0.01100062539717328,
        "max_ms": 0.012080009860852411,
        "std_ms": 0.00041976606547288,
        "ops_per_sec": 88519.24258393206,
        "total_ops": 45635,
        "total_samples": 5
      },
      "ratio": 5.81254719495707
    },
    {
      "name": "copysign [100x100] scalar",
      "category": "logic",
      "numpy": {
        "name": "copysign [100x100] scalar",
        "mean_ms": 0.004450527907257098,
        "median_ms": 0.004616594881377966,
        "min_ms": 0.004077509979805456,
        "max_ms": 0.004774002653195167,
        "std_ms": 0.0002920265910639741,
        "ops_per_sec": 224692.44566905985,
        "total_ops": 122495,
        "total_samples": 5
      },
      "numpyjs": {
        "name": "copysign [100x100] scalar",
        "mean_ms": 0.11654445081206508,
        "median_ms": 0.11032574477958258,
        "min_ms": 0.10998922041763338,
        "max_ms": 0.13198158352668274,
        "std_ms": 0.008681867621970898,
        "ops_per_sec": 8580.417111515331,
        "total_ops": 4310,
        "total_samples": 5
      },
      "ratio": 26.186657682120348
    },
    {
      "name": "isneginf [100x100]",