{
  "timestamp": "2026-03-11T12:13:41.262Z",
  "results": [
    {
      "engine": "Zig ReleaseFast",
      "dataType": "float64",
      "dataSize": 8000,
      "dataSizeHuman": "float64 1K",
      "compressTime": {
        "median_ms": 0.12058299999999633,
        "min_ms": 0.10462500000001285,
        "max_ms": 0.21129200000000026,
        "throughput_MBs": 63.27089665417374
      },
      "decompressTime": {
        "median_ms": 0.11016599999999244,
        "min_ms": 0.09675000000000011,
        "max_ms": 0.2051659999999913,
        "throughput_MBs": 69.25362209075871
      },
      "compressedSize": 6571,
      "ratio": 0.821375,
      "binarySize": 8755,
      "binarySizeGzip": 3698
    },
    {
      "engine": "Zig ReleaseSmall",
      "dataType": "float64",
      "dataSize": 8000,
      "dataSizeHuman": "float64 1K",
      "compressTime": {
        "median_ms": 0.16579199999999616,
        "min_ms": 0.14500000000001023,
        "max_ms": 0.21749999999998693,
        "throughput_MBs": 46.017868963823204
      },
      "decompressTime": {
        "median_ms": 0.26224999999999454,
        "min_ms": 0.24479100000000642,
        "max_ms": 0.2954170000000005,
        "throughput_MBs": 29.09206684938097
      },
      "compressedSize": 6571,
      "ratio": 0.821375,
      "binarySize": 4762,
      "binarySizeGzip": 2355
    },
    {
      "engine": "Compression Streams",
      "dataType": "float64",
      "dataSize": 8000,
      "dataSizeHuman": "float64 1K",
      "compressTime": {
        "median_ms": 0.14654099999998493,
        "min_ms": 0.10558299999999576,
        "max_ms": 0.25662499999998545,
        "throughput_MBs": 52.06320777973935
      },
      "decompressTime": {
        "median_ms": 0.08108299999997826,
        "min_ms": 0.06350000000000477,
        "max_ms": 0.21375000000000455,
        "throughput_MBs": 94.09363900265217
      },
      "compressedSize": 6019,
      "ratio": 0.752375
    },
    {
      "engine": "node:zlib (sync)",
      "dataType": "float64",
      "dataSize": 8000,
      "dataSizeHuman": "float64 1K",
      "compressTime": {
        "median_ms": 0.059583000000003494,
        "min_ms": 0.049584000000010064,
        "max_ms": 0.09904199999999719,
        "throughput_MBs": 128.04649868669844
      },
      "decompressTime": {
        "median_ms": 0.02075000000002092,
        "min_ms": 0.02029099999998607,
        "max_ms": 0.02229099999999562,
        "throughput_MBs": 367.68166415625586
      },
      "compressedSize": 6019,
      "ratio": 0.752375
    },
    {
      "engine": "Zig ReleaseFast",
      "dataType": "float64",
      "dataSize": 80000,
      "dataSizeHuman": "float64 10K",
      "compressTime": {
        "median_ms": 4.469875000000002,
        "min_ms": 3.816334000000012,
        "max_ms": 4.678291999999999,
        "throughput_MBs": 17.068474020526295
      },
      "decompressTime": {
        "median_ms": 1.189625000000035,
        "min_ms": 1.123708000000022,
        "max_ms": 1.2834170000000427,
        "throughput_MBs": 64.13276899232763
      },
      "compressedSize": 64762,
      "ratio": 0.809525,
      "binarySize": 8755,
      "binarySizeGzip": 3698
    },
    {
      "engine": "Zig ReleaseSmall",
      "dataType": "float64",
      "dataSize": 80000,
      "dataSizeHuman": "float64 10K",
      "compressTime": {
        "median_ms": 4.569624999999974,
        "min_ms": 4.082416000000023,
        "max_ms": 4.985208,
        "throughput_MBs": 16.695887586508835
      },
      "decompressTime": {
        "median_ms": 2.4227919999999585,
        "min_ms": 2.162541000000033,
        "max_ms": 2.5672909999999547,
        "throughput_MBs": 31.49009296402717
      },
      "compressedSize": 64762,
      "ratio": 0.809525,
      "binarySize": 4762,
      "binarySizeGzip": 2355
    },
    {
      "engine": "Compression Streams",
      "dataType": "float64",
      "dataSize": 80000,
      "dataSizeHuman": "float64 10K",
      "compressTime": {
        "median_ms": 2.183208000000036,
        "min_ms": 2.0489579999999705,
        "max_ms": 2.549000000000035,
        "throughput_MBs": 34.94579779503316
      },
      "decompressTime": {
        "median_ms": 0.35295800000005784,
        "min_ms": 0.2827500000000782,
        "max_ms": 0.9878750000000309,
        "throughput_MBs": 216.1558749553417
      },
      "compressedSize": 58663,
      "ratio": 0.7332875
    },
    {
      "engine": "node:zlib (sync)",
      "dataType": "float64",
      "dataSize": 80000,
      "dataSizeHuman": "float64 10K",
      "compressTime": {
        "median_ms": 2.1364589999999453,
        "min_ms": 1.7830840000000308,
        "max_ms": 2.2934999999999945,
        "throughput_MBs": 35.71046545358556
      },
      "decompressTime": {
        "median_ms": 0.16891599999996743,
        "min_ms": 0.14800000000002456,
        "max_ms": 0.19820800000002237,
        "throughput_MBs": 451.6679610724545
      },
      "compressedSize": 58663,
      "ratio": 0.7332875
    },
    {
      "engine": "Zig ReleaseFast",
      "dataType": "float64",
      "dataSize": 800000,
      "dataSizeHuman": "float64 100K",
      "compressTime": {
        "median_ms": 50.19154200000003,
        "min_ms": 47.974249999999984,
        "max_ms": 52.735124999999925,
        "throughput_MBs": 15.20055815629254
      },
      "decompressTime": {
        "median_ms": 11.848124999999982,
        "min_ms": 11.111208999999917,
        "max_ms": 13.32725000000005,
        "throughput_MBs": 64.39326502083672
      },
      "compressedSize": 645836,
      "ratio": 0.807295,
      "binarySize": 8755,
      "binarySizeGzip": 3698
    },
    {
      "engine": "Zig ReleaseSmall",
      "dataType": "float64",
      "dataSize": 800000,
      "dataSizeHuman": "float64 100K",
      "compressTime": {
        "median_ms": 48.886792000000014,
        "min_ms": 48.15112500000009,
        "max_ms": 50.31441700000005,
        "throughput_MBs": 15.606249089222295
      },
      "decompressTime": {
        "median_ms": 22.921332999999777,
        "min_ms": 22.564416000000165,
        "max_ms": 23.75658300000032,
        "throughput_MBs": 33.285125831251065
      },
      "compressedSize": 645836,
      "ratio": 0.807295,
      "binarySize": 4762,
      "binarySizeGzip": 2355
    },
    {
      "engine": "Compression Streams",
      "dataType": "float64",
      "dataSize": 800000,
      "dataSizeHuman": "float64 100K",
      "compressTime": {
        "median_ms": 24.542832999999973,
        "min_ms": 23.451125000000047,
        "max_ms": 27.655416999999943,
        "throughput_MBs": 31.08603856470037
      },
      "decompressTime": {
        "median_ms": 2.5350000000003092,
        "min_ms": 2.395292000000154,
        "max_ms": 2.6575000000002547,
        "throughput_MBs": 300.9623089250126
      },
      "compressedSize": 583206,
      "ratio": 0.7290075
    },
    {
      "engine": "node:zlib (sync)",
      "dataType": "float64",
      "dataSize": 800000,
      "dataSizeHuman": "float64 100K",
      "compressTime": {
        "median_ms": 22.75458299999991,
        "min_ms": 21.997207999999773,
        "max_ms": 31.010667000000012,
        "throughput_MBs": 33.52904569268542
      },
      "decompressTime": {
        "median_ms": 1.972957999999835,
        "min_ms": 1.7892080000001442,
        "max_ms": 2.029167000000143,
        "throughput_MBs": 386.6982739242618
      },
      "compressedSize": 583206,
      "ratio": 0.7290075
    },
    {
      "engine": "Zig ReleaseFast",
      "dataType": "float64",
      "dataSize": 8000000,
      "dataSizeHuman": "float64 1M",
      "compressTime": {
        "median_ms": 482.47408299999915,
        "min_ms": 479.96137499999986,
        "max_ms": 520.054959,
        "throughput_MBs": 15.813066027942506
      },
      "decompressTime": {
        "median_ms": 120.95050000000083,
        "min_ms": 120.48941699999978,
        "max_ms": 122.42179099999976,
        "throughput_MBs": 63.07865226890296
      },
      "compressedSize": 6457533,